,,,,,,,,,,,,,,,,,,,,,,,,,,,,,,,,,,,,,,,,,,,,,,,,,,,,,,,,,,,,,,,,,,,,,,,,,,,,,,,,,,,,,,,,,,,,,,,,,,,,,,,
,Genshin Impact Character Event Wish Banner History,,,,,,,,,,,,,,,,,,,,,,,,,,,,,,,,,,,,,,,,,,,,,,,,,,,,,,,,,,,,,,,,,,,,,,,,,,,,,,,,,,,,,,,,,,,,,,,,,,,,,,
 ,,,,,,,,,,,,,,,,,,,,,,,,,,,,,,,,,,,,,,,,,,,,,,,,,,,,,,,,,,,,,,,,,,,,,,,,,,,,,,,,,,,,,,,,,,,,,,,,,,,,,,,
,Patch No.,,,Appearances,1.0,1.0,1.1,1.1,1.2,1.2,1.3,1.3,1.3,1.4,1.4,1.5,1.5,1.6,1.6,2.0,2.0,2.1,2.1,2.2,2.2,2.3,2.3,2.4,2.4,2.5,2.5,2.6,2.6,2.7,2.7,2.8,2.8,3.0,3.0,3.1,3.1,3.2,3.2,3.3,3.3,3.4,3.4,3.5,3.5,3.6,3.6,3.7,3.7,3.8,3.8,4.0,4.0,4.1,4.1,4.2,4.2,4.3,4.3,4.4,4.4,4.5,4.5,4.6,4.6,4.7,4.7,4.8,4.8,5.0,5.0,5.1,5.1,5.2,5.2,5.3,5.3,5.4,5.4,5.5,5.5,5.6,5.6,5.7,5.7,5.8,5.8,Luna I,Luna I,Luna II,Luna II,Luna III,Luna III,Luna IV,Luna IV,Luna V,Luna V,Luna VI,Luna VI
,,,,,,,,,,,,,,,,,,,,,,,,,,,,,,,,,,,,,,,,,,,,,,,,,,,,,,,,,,,,,,,,,,,,,,,,,,,,,,,,,,,,,,,,,,,,,,,,,,,,,,,
,Character Event Wish,,,,,,,,,,,,,,,,,,,,,,,,,,,,,,,,,,,,,,,,,,,,,,,,,,,,,,,,,,,,,,,,,,,,,,,,,,,,,,,,,,,,,,,,,,,,,,,,,,,,,,
,Character Event Wish-2,,,,,,,,,,,,,,,,,,,,,,,,,,,,,,,,,,,,,,,,,,,,,,,,,,,,,,,,,,,,,,,,,,,,,,,,,,,,,,,,,,,,,,,,,,,,,,,,,,,,,,
,,,,,,,,,,,,,,,,,,,,,,,,,,,,,,,,,,,,,,,,,,,,,,,,,,,,,,,,,,,,,,,,,,,,,,,,,,,,,,,,,,,,,,,,,,,,,,,,,,,,,,,
,★★★★★,,,,Venti,Klee,Tartaglia,Zhongli,Albedo,Ganyu,Xiao,Keqing,Hu Tao,Venti,Tartaglia,Zhongli,Eula,Klee,Kaedehara Kazuha,Kamisato Ayaka,Yoimiya,Raiden Shogun,Sangonomiya Kokomi,Tartaglia,Hu Tao,Albedo,Arataki Itto,Shenhe,Zhongli,Yae Miko,Raiden Shogun,Kamisato Ayato,Kamisato Ayaka,Yelan,Arataki Itto,Kaedehara Kazuha,Yoimiya,Tighnari,Ganyu,Cyno,Nilou,Nahida,Yae Miko,Wanderer,Raiden Shogun,Alhaitham,Hu Tao,Dehya,Shenhe,Nahida,Baizhu,Yoimiya,Alhaitham,Eula,Sangonomiya Kokomi,Lyney,Zhongli,Neuvillette,Wriothesley,Furina,Cyno,Navia,Raiden Shogun,Xianyun,Xiao,Chiori,Neuvillette,Arlecchino,Wanderer,Clorinde,Sigewinne,Navia,Emelie,Mualani,Kinich,Xilonen,Nahida,Chasca,Neuvillette,Mauvika,Arlecchino,Yumemizuki Mizuki,Wriothesley,Varesa,Xilonen,Escoffier,Kinich,Skirk,Mauvika,Ineffa,Mualani,Lauma,Flins,Furina,Arlecchino,Durin,Varesa,Columbina,Zibai,Varka,Skirk,Linnea,
,,,,,,,,,,,,,,,,,,,,,,,,,,,,,,,,,,,,,,,,,,,,,,,,,,,,,,,,,,,,,,,,,,,,,,,,,,,,,,,,,,,,,,,,,,,,,,,,,,,,,,,
,,,,,,,,,,,,,,,,,,,,,,,,,,Eula,,Xiao,Ganyu,,Sangonomiya Kokomi,Venti,,Xiao,,Klee,,Zhongli,Sangonomiya Kokomi,Venti,Albedo,Yoimiya,Tartaglia,Arataki Itto,Kamisato Ayato,Xiao,Yelan,Cyno,Kamisato Ayaka,Nilou,Ganyu,Yae Miko,Kaedehara Kazuha,Klee,Wanderer,Yelan,Tartaglia,Hu Tao,Venti,Baizhu,Kamisato Ayato,Kamisato Ayaka,Yoimiya,Nahida,Yae Miko,Arataki Itto,Kaedehara Kazuha,Lyney,Baizhu,Alhaitham,Furina,Nilou,Yelan,Kaedehara Kazuha,Raiden Shogun,Chiori,Hu Tao,Lyney,Zhongli,Citlali,Clorinde,Sigewinne,Furina,Xianyun,Venti,Navia,Raiden Shogun,Shenhe,Emelie,Citlali,Chasca,Nahida,Yelan,Nefer,Zhongli,Venti,Xilonen,Ineffa,Neuvillette,Flins,Escoffier,Chasca,
,,,,,,,,,,,,,,,,,,,,,,,,,,,,,,,,,,,,,,,,,,,,,,,,,,,,,,,,,,,,,,,,,,,,,,,,,,,,,,,,,,,,,,,,,,,,,,,,,,,,,,,
,,,,,,,,,,,,,,,,,,,,,,,,,,,,,,,,,,,,,,,,,,,,,,,,,,,,,,,,,,,,,,,,,,,,,,,,,,,,,,,,,,,,,,,,,,,,,,,,,,,,,,,
,★★★★★,Venti,,7,,1,2,3,4,5,6,7,8,,1,2,3,4,5,6,7,8,9,10,11,12,13,14,15,16,17,,1,2,3,4,5,6,7,,1,2,3,4,5,6,7,8,9,10,11,12,13,14,15,16,17,18,,1,2,3,4,5,6,7,8,9,10,11,12,13,14,15,16,17,18,19,20,21,22,23,24,25,,1,2,3,4,5,6,7,8,9,10,,1,2,3,4,5,6,7
,★★★★★,Klee,,6,,,1,2,3,4,5,6,7,8,9,10,11,,1,2,3,4,5,6,7,8,9,10,11,12,13,14,15,16,17,,1,2,3,4,5,6,7,8,9,10,11,12,13,14,15,16,17,,1,2,3,4,5,6,7,8,9,10,11,C,1,2,3,4,5,6,7,8,9,10,11,12,13,14,15,16,17,18,19,20,21,22,23,24,25,26,27,28,29,30,31,32,33,C,1,2,3
,★★★★★,Tartaglia,,6,,,,1,2,3,4,5,6,7,,1,2,3,4,5,6,7,8,,1,2,3,4,5,6,7,8,9,10,11,12,13,14,15,16,17,18,,1,2,3,4,5,6,7,8,9,10,11,12,13,,1,2,3,4,5,6,7,8,9,10,11,12,13,14,15,16,17,18,19,20,21,22,23,C,1,2,3,4,5,6,7,8,9,10,11,12,13,14,15,16,17,18,19,20,21,22
,★★★★★,Zhongli,,7,,,,,1,2,3,4,5,6,7,,1,2,3,4,5,6,7,8,9,10,11,12,,1,2,3,4,5,6,7,8,,1,2,3,4,5,6,7,8,9,10,11,12,13,14,15,16,17,18,,1,2,3,4,5,6,7,8,9,10,11,12,13,14,15,16,17,18,19,20,21,,1,2,3,4,5,6,7,8,9,10,11,12,13,14,15,,1,2,3,4,5,6,7,8
,★★★★★,Albedo,,5,,,,,,1,2,3,4,5,6,7,8,9,10,11,12,13,14,15,16,,1,2,3,4,5,6,7,8,9,10,11,12,13,14,,1,2,3,4,5,6,7,8,9,10,11,12,13,14,15,16,17,18,19,20,21,22,23,24,C,1,2,3,4,5,6,7,8,9,10,11,12,13,14,15,16,17,18,19,20,21,22,23,24,25,26,27,28,29,30,31,32,33,C,1,2,3
,★★★★★,Ganyu,,5,,,,,,,1,2,3,4,5,6,7,8,9,10,11,12,13,14,15,16,17,18,,1,2,3,4,5,6,7,8,9,,1,2,3,4,5,6,7,8,9,10,11,,1,2,3,4,5,6,7,8,9,10,11,12,13,14,15,16,17,18,19,20,21,22,23,24,25,26,27,28,29,C,1,2,3,4,5,6,7,8,9,10,11,12,13,14,15,16,17,18,19,20,21,22
,★★★★★,Xiao,,6,,,,,,,,1,2,3,4,5,6,7,8,9,10,11,12,13,14,15,16,,1,2,3,4,5,,1,2,3,4,5,6,7,8,9,10,11,,1,2,3,4,5,6,7,8,9,10,11,12,13,14,15,16,17,18,,1,2,3,4,5,6,7,8,9,10,11,12,13,14,15,C,1,2,3,4,5,6,7,8,9,10,11,12,13,14,15,16,17,18,19,20,21,22
,★★★★★,Keqing,,1,,,,,,,,,,,,,,,,,,,,,,,,,,,,,,,,,,,,,,,,,,,,,,,,,,,,,,,,,,,,,,,,,,,,,,,,,,,,,,,,,,,,,,,,,,,,,,,,,,,
,★★★★★,Hu Tao,,5,,,,,,,,,,1,2,3,4,5,6,7,8,9,10,11,,1,2,3,4,5,6,7,8,9,10,11,12,13,14,15,16,17,18,19,20,21,,1,2,3,4,5,6,7,8,9,10,,1,2,3,4,5,6,7,8,9,10,11,12,13,14,15,16,17,18,,1,2,3,4,5,6,7,8,9,10,11,12,13,14,15,16,17,18,19,20,21,22,23,24,25,26
,★★★★★,Eula,,5,,,,,,,,,,,,,,1,2,3,4,5,6,7,8,,1,2,3,4,5,6,7,8,9,10,11,12,13,14,15,16,17,18,19,20,21,22,23,24,25,26,27,,1,2,3,4,5,6,7,8,9,10,11,C,1,2,3,4,5,6,7,8,9,10,11,12,13,14,15,16,17,18,19,20,21,22,23,24,25,26,27,28,29,30,31,32,33,C,1,2,3
,★★★★★,Kaedehara Kazuha,,6,,,,,,,,,,,,,,,,1,2,3,4,5,6,7,8,9,10,11,12,13,14,15,16,,1,2,3,4,5,6,7,8,9,10,11,12,13,14,15,16,,1,2,3,4,5,6,7,8,9,10,11,12,13,,1,2,3,4,5,6,,1,2,3,4,5,6,7,8,9,10,11,12,C,1,2,3,4,5,6,7,8,9,10,11,12,13,14,15,16
,★★★★★,Kamisato Ayaka,,5,,,,,,,,,,,,,,,,,1,2,3,4,5,6,7,8,9,10,11,12,,1,2,3,4,5,6,7,8,9,10,11,12,13,14,15,,1,2,3,4,5,6,7,8,9,10,11,12,,1,2,3,4,5,6,7,8,9,10,11,12,13,14,15,16,17,18,19,20,21,22,23,24,C,1,2,3,4,5,6,7,8,9,10,11,12,13,14,15,16
,★★★★★,Yoimiya,,6,,,,,,,,,,,,,,,,,,1,2,3,4,5,6,7,8,9,10,11,12,13,14,15,,1,2,3,4,,1,2,3,4,5,6,7,8,9,,1,2,3,4,5,6,7,8,9,10,,1,2,3,4,5,6,7,8,9,10,11,12,13,14,15,16,17,18,19,20,21,22,23,C,1,2,3,4,5,6,7,8,9,10,11,12,13,14,15,16
,★★★★★,Raiden Shogun,,6,,,,,,,,,,,,,,,,,,,1,2,3,4,5,6,7,8,,1,2,3,4,5,6,7,8,9,10,11,12,13,,1,2,3,4,5,6,7,8,9,10,11,12,13,14,15,16,17,,1,2,3,4,5,6,7,8,9,10,11,,1,2,3,4,5,6,7,8,9,10,11,,1,2,3,4,5,6,7,8,9,10,11,12,13,14,15,16
,★★★★★,Sangonomiya Kokomi,,5,,,,,,,,,,,,,,,,,,,,1,2,3,4,5,6,7,,1,2,3,4,5,6,7,,1,2,3,4,5,6,7,8,9,10,11,12,13,14,15,,1,2,3,4,5,6,7,8,9,10,11,12,13,14,15,16,17,18,19,20,21,22,23,24,25,26,27,28,29,30,31,C,1,2,3,4,5,6,7,8,9,10,11,12,13,14,15,16
,★★★★★,Arataki Itto,,5,,,,,,,,,,,,,,,,,,,,,,,,1,2,3,4,5,6,7,,1,2,3,4,5,6,7,8,,1,2,3,4,5,6,7,8,9,10,11,12,13,14,15,16,17,18,19,20,21,,1,2,3,4,5,6,7,8,9,10,11,12,13,14,15,16,17,18,19,20,C,1,2,3,4,5,6,7,8,9,10,11,12,13,14,15,16
,★★★★★,Shenhe,,4,,,,,,,,,,,,,,,,,,,,,,,,,1,2,3,4,5,6,7,8,9,10,11,12,13,14,15,16,17,18,19,20,,1,2,3,4,5,6,7,8,9,10,11,12,13,14,15,16,17,18,19,20,21,22,23,24,25,26,27,28,29,30,31,C,1,2,3,4,5,6,,1,2,3,4,5,6,7,8,9,10,11,12,13,14,15
,★★★★★,Yae Miko,,5,,,,,,,,,,,,,,,,,,,,,,,,,,,1,2,3,4,5,6,7,8,9,10,11,12,,1,2,3,4,5,6,7,8,,1,2,3,4,5,6,7,8,9,10,11,12,,1,2,3,4,5,6,7,8,9,10,11,12,13,14,15,16,17,18,19,20,21,C,1,2,3,4,5,6,7,8,9,10,11,12,13,14,15,16
,★★★★★,Kamisato Ayato,,4,,,,,,,,,,,,,,,,,,,,,,,,,,,,,1,2,3,4,5,6,7,8,9,10,11,12,,1,2,3,4,5,6,7,8,9,10,11,12,13,14,15,,1,2,3,4,5,6,7,8,9,10,11,12,13,14,15,16,17,18,19,20,21,22,23,24,25,C,1,2,3,4,5,6,7,8,9,10,11,12,13,14,15,16
,★★★★★,Yelan,,5,,,,,,,,,,,,,,,,,,,,,,,,,,,,,,,1,2,3,4,5,6,7,8,9,10,11,12,,1,2,3,4,5,6,7,8,,1,2,3,4,5,6,7,8,9,10,11,12,13,14,15,16,,1,2,3,4,5,6,7,8,9,10,11,12,13,14,15,16,17,18,19,,1,2,3,4,5,6,7,8,9,10
,★★★★★,Tighnari,,0,,,,,,,,,,,,,,,,,,,,,,,,,,,,,,,,,,,,,,,,,,,,,,,,,,,,,,,,,,,,,,,,,,,,,,,,,,,,,,,,,,,,,,,,,,,,,,,,,,,
,★★★★★,Cyno,,4,,,,,,,,,,,,,,,,,,,,,,,,,,,,,,,,,,,,,1,2,3,4,5,6,7,,1,2,3,4,5,6,7,8,9,10,11,12,,1,2,3,4,5,6,7,8,9,10,11,12,13,14,15,16,17,18,19,20,21,22,23,24,25,26,27,28,29,30,C,1,2,3,4,5,6,7,8,9,10,11
,★★★★★,Nilou,,4,,,,,,,,,,,,,,,,,,,,,,,,,,,,,,,,,,,,,,1,2,3,4,5,6,7,8,,1,2,3,4,5,6,7,8,9,10,11,12,13,14,15,16,17,18,19,20,21,,1,2,3,4,5,6,7,8,9,10,11,12,13,14,15,16,17,18,19,C,1,2,3,4,5,6,7,8,9,10,11
,★★★★★,Nahida,,5,,,,,,,,,,,,,,,,,,,,,,,,,,,,,,,,,,,,,,,1,2,3,4,5,6,7,,1,2,3,4,5,6,7,8,9,10,11,12,13,,1,2,3,4,5,6,7,8,9,10,11,12,,1,2,3,4,5,6,7,8,9,10,11,12,13,14,,1,2,3,4,5,6,7,8,9,10,11
,★★★★★,Wanderer,,4,,,,,,,,,,,,,,,,,,,,,,,,,,,,,,,,,,,,,,,,,1,2,3,4,5,6,7,8,9,10,,1,2,3,4,5,6,7,8,9,10,11,12,13,,1,2,3,4,5,6,7,8,9,10,11,12,13,14,15,16,17,18,19,20,21,22,C,1,2,3,4,5,6,7,8,9,10,11
,★★★★★,Alhaitham,,4,,,,,,,,,,,,,,,,,,,,,,,,,,,,,,,,,,,,,,,,,,,1,2,3,4,5,6,,1,2,3,4,5,6,7,8,9,10,11,12,13,14,15,16,,1,2,3,4,5,6,7,8,9,10,11,12,13,14,15,16,17,18,19,20,21,C,1,2,3,4,5,6,7,8,9,10,11
,★★★★★,Dehya,,0,,,,,,,,,,,,,,,,,,,,,,,,,,,,,,,,,,,,,,,,,,,,,,,,,,,,,,,,,,,,,,,,,,,,,,,,,,,,,,,,,,,,,,,,,,,,,,,,,,,
,★★★★★,Baizhu,,4,,,,,,,,,,,,,,,,,,,,,,,,,,,,,,,,,,,,,,,,,,,,,,,,1,2,3,4,5,6,7,8,,1,2,3,4,5,6,7,8,,1,2,3,4,5,6,7,8,9,10,11,C,1,2,3,4,5,6,7,8,9,10,11,12,13,14,15,16,17,18,19,20,21,22
,★★★★★,Lyney,,3,,,,,,,,,,,,,,,,,,,,,,,,,,,,,,,,,,,,,,,,,,,,,,,,,,,,,1,2,3,4,5,6,7,8,9,10,11,,1,2,3,4,5,6,7,8,9,,1,2,3,4,5,6,7,8,9,10,11,12,13,14,15,16,17,18,19,20,21,22,23,24,25
,★★★★★,Neuvillette,,4,,,,,,,,,,,,,,,,,,,,,,,,,,,,,,,,,,,,,,,,,,,,,,,,,,,,,,,1,2,3,4,5,6,7,8,,1,2,3,4,5,6,7,8,9,10,11,,1,2,3,4,5,6,7,8,9,10,11,12,13,14,15,16,17,18,19,,1,2,3,4
,★★★★★,Wriothesley,,2,,,,,,,,,,,,,,,,,,,,,,,,,,,,,,,,,,,,,,,,,,,,,,,,,,,,,,,,1,2,3,4,5,6,7,8,9,10,11,12,13,14,15,16,17,18,19,20,21,22,23,,1,2,3,4,5,6,7,8,9,10,11,12,13,14,15,16,17,18,19,20
,★★★★★,Furina,,4,,,,,,,,,,,,,,,,,,,,,,,,,,,,,,,,,,,,,,,,,,,,,,,,,,,,,,,,,1,2,3,4,5,6,7,8,9,10,,1,2,3,4,5,6,7,8,9,10,11,,1,2,3,4,5,6,7,8,9,10,,1,2,3,4,5,6,7,8,9
,★★★★★,Navia,,3,,,,,,,,,,,,,,,,,,,,,,,,,,,,,,,,,,,,,,,,,,,,,,,,,,,,,,,,,,,1,2,3,4,5,6,7,8,9,,1,2,3,4,5,6,7,8,9,10,11,12,13,,1,2,3,4,5,6,7,8,9,10,11,12,13,14,15,16,17
,★★★★★,XIanyun,,2,,,,,,,,,,,,,,,,,,,,,,,,,,,,,,,,,,,,,,,,,,,,,,,,,,,,,,,,,,,,,1,2,3,4,5,6,7,8,9,10,11,12,13,14,15,16,17,18,19,,1,2,3,4,5,6,7,8,9,10,11,12,13,14,15,16,17,18,19
,★★★★★,Chiori,,3,,,,,,,,,,,,,,,,,,,,,,,,,,,,,,,,,,,,,,,,,,,,,,,,,,,,,,,,,,,,,,,1,2,3,4,5,6,7,8,9,,1,2,3,4,5,6,7,8,9,10,C,1,2,3,4,5,6,7,8,9,10,11,12,13,14,15,16
,★★★★★,Arlecchino,,3,,,,,,,,,,,,,,,,,,,,,,,,,,,,,,,,,,,,,,,,,,,,,,,,,,,,,,,,,,,,,,,,,1,2,3,4,5,6,7,8,9,10,11,12,,1,2,3,4,5,6,7,8,9,10,11,12,13,,1,2,3,4,5,6,7,8
,★★★★★,Clorinde,,2,,,,,,,,,,,,,,,,,,,,,,,,,,,,,,,,,,,,,,,,,,,,,,,,,,,,,,,,,,,,,,,,,,,1,2,3,4,5,6,7,8,9,10,,1,2,3,4,5,6,7,8,9,10,11,12,13,14,15,16,17,18,19,20,21,22
,★★★★★,Sigewinne,,2,,,,,,,,,,,,,,,,,,,,,,,,,,,,,,,,,,,,,,,,,,,,,,,,,,,,,,,,,,,,,,,,,,,,1,2,3,4,5,6,7,8,9,10,,1,2,3,4,5,6,7,8,9,10,11,12,13,14,15,16,17,18,19,20,21
,★★★★★,Emelie,,2,,,,,,,,,,,,,,,,,,,,,,,,,,,,,,,,,,,,,,,,,,,,,,,,,,,,,,,,,,,,,,,,,,,,,,1,2,3,4,5,6,7,8,9,10,11,12,13,14,15,,1,2,3,4,5,6,7,8,9,10,11,12,13,14
,★★★★★,Mualani,,2,,,,,,,,,,,,,,,,,,,,,,,,,,,,,,,,,,,,,,,,,,,,,,,,,,,,,,,,,,,,,,,,,,,,,,,1,2,3,4,5,6,7,8,9,10,11,12,13,14,15,16,,1,2,3,4,5,6,7,8,9,10,11,12
,★★★★★,Kinich,,2,,,,,,,,,,,,,,,,,,,,,,,,,,,,,,,,,,,,,,,,,,,,,,,,,,,,,,,,,,,,,,,,,,,,,,,,1,2,3,4,5,6,7,8,9,10,11,,1,2,3,4,5,6,7,8,9,10,11,12,13,14,15,16
,★★★★★,Xilonen,,3,,,,,,,,,,,,,,,,,,,,,,,,,,,,,,,,,,,,,,,,,,,,,,,,,,,,,,,,,,,,,,,,,,,,,,,,,1,2,3,4,5,6,7,8,,1,2,3,4,5,6,7,8,9,10,11,,1,2,3,4,5,6
,★★★★★,Chasca,,3,,,,,,,,,,,,,,,,,,,,,,,,,,,,,,,,,,,,,,,,,,,,,,,,,,,,,,,,,,,,,,,,,,,,,,,,,,,1,2,3,4,5,6,7,8,9,10,11,12,,1,2,3,4,5,6,7,8,9,10,,1
,★★★★★,Mauvika,,2,,,,,,,,,,,,,,,,,,,,,,,,,,,,,,,,,,,,,,,,,,,,,,,,,,,,,,,,,,,,,,,,,,,,,,,,,,,,,1,2,3,4,5,6,7,8,,1,2,3,4,5,6,7,8,9,10,11,12,13,14
,★★★★★,Citlali,,2,,,,,,,,,,,,,,,,,,,,,,,,,,,,,,,,,,,,,,,,,,,,,,,,,,,,,,,,,,,,,,,,,,,,,,,,,,,,,1,2,3,4,5,6,7,8,9,,1,2,3,4,5,6,7,8,9,10,11,12,13
,★★★★★,Yumemizuki Mizuki,,1,,,,,,,,,,,,,,,,,,,,,,,,,,,,,,,,,,,,,,,,,,,,,,,,,,,,,,,,,,,,,,,,,,,,,,,,,,,,,,,1,2,3,4,5,6,7,8,9,10,11,12,13,14,15,16,17,18,19,20,21
,★★★★★,Varesa,,2,,,,,,,,,,,,,,,,,,,,,,,,,,,,,,,,,,,,,,,,,,,,,,,,,,,,,,,,,,,,,,,,,,,,,,,,,,,,,,,,,1,2,3,4,5,6,7,8,9,10,11,12,,1,2,3,4,5,6
,★★★★★,Escoffier,,2,,,,,,,,,,,,,,,,,,,,,,,,,,,,,,,,,,,,,,,,,,,,,,,,,,,,,,,,,,,,,,,,,,,,,,,,,,,,,,,,,,,1,2,3,4,5,6,7,8,9,10,11,12,13,14,,1,2
,★★★★★,Skirk,,2,,,,,,,,,,,,,,,,,,,,,,,,,,,,,,,,,,,,,,,,,,,,,,,,,,,,,,,,,,,,,,,,,,,,,,,,,,,,,,,,,,,,,1,2,3,4,5,6,7,8,9,10,11,12,,1,2
,★★★★★,Ineffa,,2,,,,,,,,,,,,,,,,,,,,,,,,,,,,,,,,,,,,,,,,,,,,,,,,,,,,,,,,,,,,,,,,,,,,,,,,,,,,,,,,,,,,,,,1,2,3,4,5,6,7,,1,2,3,4,5
,★★★★★,Lauma,,1,,,,,,,,,,,,,,,,,,,,,,,,,,,,,,,,,,,,,,,,,,,,,,,,,,,,,,,,,,,,,,,,,,,,,,,,,,,,,,,,,,,,,,,,,1,2,3,4,5,6,7,8,9,10,11
,★★★★★,Flins,,2,,,,,,,,,,,,,,,,,,,,,,,,,,,,,,,,,,,,,,,,,,,,,,,,,,,,,,,,,,,,,,,,,,,,,,,,,,,,,,,,,,,,,,,,,,1,2,3,4,5,6,,1,2,3
,★★★★★,Nefer,,1,,,,,,,,,,,,,,,,,,,,,,,,,,,,,,,,,,,,,,,,,,,,,,,,,,,,,,,,,,,,,,,,,,,,,,,,,,,,,,,,,,,,,,,,,,,1,2,3,4,5,6,7,8,9
,★★★★★,Durin,,1,,,,,,,,,,,,,,,,,,,,,,,,,,,,,,,,,,,,,,,,,,,,,,,,,,,,,,,,,,,,,,,,,,,,,,,,,,,,,,,,,,,,,,,,,,,,,1,2,3,4,5,6,7
,★★★★★,Columbina,,1,,,,,,,,,,,,,,,,,,,,,,,,,,,,,,,,,,,,,,,,,,,,,,,,,,,,,,,,,,,,,,,,,,,,,,,,,,,,,,,,,,,,,,,,,,,,,,,1,2,3,4,5
,★★★★★,Zibai,,1,,,,,,,,,,,,,,,,,,,,,,,,,,,,,,,,,,,,,,,,,,,,,,,,,,,,,,,,,,,,,,,,,,,,,,,,,,,,,,,,,,,,,,,,,,,,,,,,1,2,3,4
,★★★★★,Varka,,1,,,,,,,,,,,,,,,,,,,,,,,,,,,,,,,,,,,,,,,,,,,,,,,,,,,,,,,,,,,,,,,,,,,,,,,,,,,,,,,,,,,,,,,,,,,,,,,,,1,2,3
,★★★★★,Linnea,,1,,,,,,,,,,,,,,,,,,,,,,,,,,,,,,,,,,,,,,,,,,,,,,,,,,,,,,,,,,,,,,,,,,,,,,,,,,,,,,,,,,,,,,,,,,,,,,,,,,,1
,★★★★★,,,0,,,,,,,,,,,,,,,,,,,,,,,,,,,,,,,,,,,,,,,,,,,,,,,,,,,,,,,,,,,,,,,,,,,,,,,,,,,,,,,,,,,,,,,,,,,,,,,,,,,
,,,,,,,,,,,,,,,,,,,,,,,,,,,,,,,,,,,,,,,,,,,,,,,,,,,,,,,,,,,,,,,,,,,,,,,,,,,,,,,,,,,,,,,,,,,,,,,,,,,,,,,
,★★★★,Barbara,,14,,1,2,3,4,5,6,,1,2,,1,2,,1,2,3,4,5,6,7,8,,1,2,3,4,5,6,,1,2,3,4,5,6,,1,2,3,4,5,6,,1,2,3,4,5,6,7,,1,2,3,4,5,6,7,8,9,C,,1,2,3,4,5,6,7,8,9,10,,1,2,3,4,5,6,7,8,9,10,11,12,13,,1,2,3,4,5,6,7,C,1,2,3
,★★★★,Fischl,,13,,1,2,3,,1,2,3,4,5,,1,2,,1,2,3,4,5,6,7,8,9,10,11,,1,2,3,4,5,6,7,,1,2,3,4,5,6,7,8,9,10,11,12,,1,2,3,4,5,6,,1,2,3,4,5,6,7,C,1,2,3,4,5,6,7,8,9,10,11,12,,1,2,3,4,5,6,7,8,9,10,,1,2,3,4,5,6,7,,1,C,1,2,3
,★★★★,Xiangling,,15,,1,2,3,4,,1,2,,1,2,3,4,5,6,7,8,,1,2,3,4,,1,2,3,4,,1,2,3,4,5,6,7,8,,1,2,3,4,5,6,7,8,9,10,11,,1,2,3,4,5,6,7,,1,2,3,4,5,6,,1,2,3,4,,1,2,3,4,5,6,7,C,,1,2,3,4,5,6,,1,2,3,4,5,6,7,8,9,10,,1,2,3
,★★★★,Noelle,,13,,,1,2,3,,1,2,3,,1,,1,2,3,4,5,6,7,8,9,,1,2,3,4,5,6,7,,1,2,3,4,5,6,7,,1,2,3,4,5,6,7,8,9,10,11,12,13,14,,1,2,3,4,5,6,,1,C,1,2,3,4,,1,2,3,4,5,6,7,8,9,10,11,12,13,14,15,16,17,18,19,20,21,22,23,24,25,26,27,28,C,1,,1
,★★★★,Sucrose,,13,,,1,2,,1,2,3,4,,1,2,3,,1,2,3,,1,2,3,4,5,6,7,8,9,,1,2,3,4,5,6,,1,2,3,4,5,6,7,8,9,,1,2,3,4,5,6,7,8,9,10,11,12,,1,2,3,C,1,2,3,4,5,6,7,8,9,10,11,,1,2,3,4,5,6,7,8,9,10,11,12,13,14,,1,2,3,4,5,6,,1,2,3
,★★★★,Xingqiu,,14,,,1,2,3,,1,2,,1,2,3,,1,2,3,4,5,,1,2,3,4,5,,1,2,3,4,5,6,7,8,9,,1,2,3,4,5,6,7,,1,2,3,4,5,6,7,8,9,10,,1,2,3,4,5,6,7,8,,1,2,3,4,5,6,7,8,9,,1,2,3,C,1,2,3,4,5,6,7,8,,1,2,3,,1,2,3,4,5,6,7,8,9
,★★★★,Beidou,,11,,,,1,2,3,,1,2,3,4,5,,1,2,3,4,5,,1,2,3,4,5,,1,2,3,4,5,6,7,8,9,10,11,,1,2,3,4,5,,1,2,3,4,5,6,7,8,9,10,11,12,,1,2,3,4,5,6,7,8,,1,2,3,4,5,6,7,8,9,10,11,C,1,2,3,,1,2,3,4,5,6,7,8,9,10,11,12,13,14,15,16,17,18
,★★★★,Diona,,13,,,,1,2,3,,1,2,3,4,,1,2,3,4,,1,2,3,,1,2,3,4,,1,2,3,4,5,6,7,,1,2,3,4,5,6,7,8,9,10,,1,2,3,4,5,6,7,8,,1,2,3,4,5,6,7,C,1,2,3,4,5,6,7,8,9,10,11,12,13,,1,2,3,4,5,6,7,,1,2,3,4,5,6,7,8,9,10,11,C,1,2,3
,★★★★,Ningguang,,10,,,,1,2,3,4,,1,2,3,4,5,6,7,,1,2,3,,1,2,3,,1,2,3,4,5,6,7,,1,2,3,4,5,6,7,8,9,10,,1,2,3,4,5,6,7,8,9,10,11,12,13,14,15,16,17,,1,2,3,4,5,6,,1,2,3,4,5,6,7,8,C,1,2,3,4,5,6,7,8,9,10,11,12,13,14,15,16,17,18,19,20,21,22
,★★★★,Chongyun,,10,,,,,1,2,3,4,,1,2,3,4,5,6,,1,2,3,,1,2,3,,1,2,3,4,5,6,,1,2,3,4,5,6,7,8,9,10,11,12,13,14,15,16,,1,2,3,4,5,6,,1,2,3,4,5,6,7,8,9,10,11,12,13,14,15,16,17,18,19,20,21,C,1,,1,2,3,4,5,6,7,8,9,10,11,12,13,14,15,16,17,18,19,20
,★★★★,Razor,,9,,,,,1,2,3,4,5,,1,2,3,4,,1,2,3,4,5,6,7,8,9,10,11,12,13,,1,2,3,4,5,6,7,8,,1,2,3,4,5,6,7,8,9,10,11,,1,2,3,4,5,6,7,8,9,10,11,C,1,2,3,4,5,6,,1,2,3,4,5,6,7,8,9,10,11,12,13,14,15,16,17,18,19,20,21,22,23,24,25,26,C,1,2,3
,★★★★,Xinyan,,10,,,,,1,2,,1,2,3,4,5,,1,2,3,,1,2,3,4,5,6,7,8,9,,1,2,3,4,5,,1,2,3,4,5,6,7,8,,1,2,3,4,5,6,7,8,9,10,11,12,13,14,15,16,17,18,,1,2,3,4,5,6,7,8,,1,2,3,4,5,6,C,1,2,3,4,5,6,7,8,9,10,11,12,13,14,15,16,17,18,19,20,21,22
,★★★★,Bennett,,17,,,,,,1,2,,1,2,3,4,5,6,,1,2,3,4,5,6,,1,2,3,4,,1,2,3,4,5,,1,2,3,4,,1,2,3,4,5,,1,2,3,4,5,6,7,,1,2,3,4,5,6,,1,2,C,1,2,3,,1,2,3,,1,2,3,4,5,,1,2,3,4,5,6,7,8,9,10,,1,2,3,4,,1,2,3,,1,2,3
,★★★★,Rosaria,,13,,,,,,,,,,,,1,2,3,,1,2,3,,1,2,,1,2,3,4,5,6,,1,2,3,4,5,6,7,8,9,10,11,,1,2,3,4,5,6,7,8,9,,1,2,3,4,5,6,,1,2,3,C,1,2,3,4,,1,2,3,4,5,6,7,8,9,,1,2,3,4,5,6,7,8,9,10,11,12,13,,1,2,3,4,C,1,2,3
,★★★★,Yanfei,,11,,,,,,,,,,,,,1,2,3,,1,2,3,,1,2,3,4,,1,2,3,4,,1,2,3,4,5,6,7,8,9,,1,2,3,4,5,6,7,8,9,10,,1,2,3,4,5,6,7,8,9,10,11,,1,2,3,4,5,,1,2,3,4,5,6,7,C,1,2,3,,1,2,3,4,5,6,7,8,9,10,11,12,13,14,15,16,17,18
,★★★★,Sayu,,8,,,,,,,,,,,,,,,,,,1,2,3,,1,2,3,4,5,6,7,,1,2,3,4,5,6,,1,2,3,4,,1,2,3,4,5,6,7,8,9,10,11,,1,2,3,4,5,6,7,8,9,10,11,12,13,14,15,16,17,18,19,20,21,22,23,24,,1,2,3,4,C,1,2,3,4,5,6,7,8,9,10,11,12,13,14,15,16
,★★★★,Kujou Sara,,6,,,,,,,,,,,,,,,,,,,1,2,3,4,5,6,7,8,,1,2,3,4,5,6,7,8,9,10,11,12,13,,1,2,3,4,5,6,7,8,9,10,11,12,13,14,15,16,17,,1,2,3,4,5,6,7,8,9,10,11,,1,2,3,4,5,6,7,8,9,10,11,,1,2,3,4,5,6,7,8,9,10,11,12,13,14,15,16
,★★★★,Thoma,,9,,,,,,,,,,,,,,,,,,,,,,1,2,3,4,,1,2,3,4,5,,1,2,3,4,5,6,,1,2,3,4,5,6,7,8,9,10,,1,2,3,4,,1,2,3,4,5,6,7,8,9,10,,1,2,3,4,,1,2,3,4,5,6,7,8,9,10,11,,1,2,3,4,5,6,7,8,9,10,11,12,13,14,15,16
,★★★★,Gorou,,7,,,,,,,,,,,,,,,,,,,,,,,,1,2,3,4,5,6,7,,1,2,3,4,5,6,7,8,,1,2,3,4,5,6,7,8,9,10,11,12,13,14,15,16,17,18,19,20,21,,1,2,3,4,5,6,7,8,9,10,11,12,13,14,15,,1,2,3,4,C,1,2,3,4,5,6,7,8,9,10,11,,1,2,3,4
,★★★★,Yun Jin,,8,,,,,,,,,,,,,,,,,,,,,,,,,1,2,3,,1,2,3,4,,1,2,3,4,5,6,7,8,,1,2,3,4,5,,1,2,3,4,5,6,7,8,9,10,11,12,13,,1,2,3,4,5,6,7,8,9,10,11,12,13,14,C,1,2,3,4,5,6,7,8,9,10,11,12,13,,1,2,3,4,5,6,7,8
,★★★★,Kuki Shinobu,,7,,,,,,,,,,,,,,,,,,,,,,,,,,,,,,,,1,2,3,4,,1,2,3,4,5,6,7,8,9,,1,2,3,4,5,6,7,8,9,10,,1,2,3,4,5,6,7,8,9,10,11,12,13,14,15,,1,2,3,4,5,6,7,8,9,C,1,2,3,4,,1,2,3,4,5,6,7,8,9,10,11
,★★★★,Shikanoin Heizou,,5,,,,,,,,,,,,,,,,,,,,,,,,,,,,,,,,,1,2,3,4,5,6,,1,2,3,4,5,6,7,8,9,,1,2,3,4,5,6,7,8,9,10,11,12,13,14,15,16,17,18,19,20,21,22,23,24,25,,1,2,3,4,5,6,7,C,1,2,3,4,5,6,7,8,9,10,11,12,13,14,15,16
,★★★★,Collei,,6,,,,,,,,,,,,,,,,,,,,,,,,,,,,,,,,,,,1,2,3,4,5,6,7,8,9,,1,2,3,4,5,6,7,8,9,10,11,,1,2,3,4,5,6,7,8,9,10,11,12,13,14,15,,1,2,3,4,5,6,7,8,9,10,11,12,13,14,15,C,1,,1,2,3,4,5,6,7,8,9
,★★★★,Dori,,7,,,,,,,,,,,,,,,,,,,,,,,,,,,,,,,,,,,,1,2,3,4,5,6,7,8,9,10,,1,2,3,4,5,6,7,8,,1,2,3,4,5,6,,1,2,3,4,5,6,7,8,9,,1,2,3,4,5,6,7,8,9,10,11,12,13,14,15,C,,1,2,3,4,5,6,7,8,9,10
,★★★★,Candace,,7,,,,,,,,,,,,,,,,,,,,,,,,,,,,,,,,,,,,,1,2,3,4,5,6,7,8,9,10,,1,2,3,4,5,6,7,8,9,10,,1,2,3,4,5,6,7,8,9,10,11,12,13,,1,2,3,4,5,6,7,8,9,10,11,,1,2,3,C,1,2,3,4,5,6,7,8,,1,2
,★★★★,Layla,,5,,,,,,,,,,,,,,,,,,,,,,,,,,,,,,,,,,,,,,,,1,2,3,4,5,6,,1,2,3,4,5,6,7,8,9,10,11,12,13,14,15,16,17,18,,1,2,3,4,5,6,7,8,9,10,11,12,13,14,15,16,,1,2,3,4,5,C,1,2,3,4,5,6,7,8,9,10,11
,★★★★,Faruzan,,7,,,,,,,,,,,,,,,,,,,,,,,,,,,,,,,,,,,,,,,,,1,2,3,4,5,6,7,8,9,10,,1,2,3,4,5,6,7,8,,1,2,3,4,,1,2,3,4,5,6,7,8,9,10,11,12,13,14,15,,1,2,3,4,5,6,C,1,2,3,,1,2,3,4,5,6,7
,★★★★,Yaoyao,,7,,,,,,,,,,,,,,,,,,,,,,,,,,,,,,,,,,,,,,,,,,,1,2,3,4,5,6,,1,2,3,4,5,6,7,8,9,10,11,,1,2,3,4,5,6,7,8,9,10,11,12,13,,1,C,1,2,3,4,5,6,7,,1,2,3,4,,1,2,3,4,5,6,7,8,9
,★★★★,Mika,,5,,,,,,,,,,,,,,,,,,,,,,,,,,,,,,,,,,,,,,,,,,,,,,1,2,3,4,,1,2,3,4,5,6,7,8,9,10,11,C,1,2,3,4,5,6,7,8,9,10,11,12,13,14,15,16,,1,2,3,4,5,6,7,8,9,10,11,12,13,14,15,16,C,1,2,3
,★★★★,Kaveh,,3,,,,,,,,,,,,,,,,,,,,,,,,,,,,,,,,,,,,,,,,,,,,,,,,1,2,3,4,5,6,7,8,9,10,11,12,13,14,15,16,17,18,19,20,,1,2,3,4,5,6,7,8,9,10,11,12,13,14,15,16,17,18,19,,1,2,3,4,5,6,7,8,9,10,11
,★★★★,Kirara,,4,,,,,,,,,,,,,,,,,,,,,,,,,,,,,,,,,,,,,,,,,,,,,,,,,1,2,3,4,5,6,7,8,,1,2,3,4,5,6,7,8,9,10,,1,2,3,4,5,6,7,8,9,10,11,12,13,14,C,1,2,3,4,5,6,7,8,9,10,11,12,13,14,15,16
,★★★★,Lynette,,3,,,,,,,,,,,,,,,,,,,,,,,,,,,,,,,,,,,,,,,,,,,,,,,,,,,,,1,2,3,4,5,6,7,8,9,10,11,,1,2,3,4,5,6,7,8,9,10,11,12,13,14,15,16,17,18,,1,2,3,4,5,6,7,8,9,10,11,12,13,14,15,16
,★★★★,Freminet,,2,,,,,,,,,,,,,,,,,,,,,,,,,,,,,,,,,,,,,,,,,,,,,,,,,,,,,,1,2,3,4,5,6,7,8,9,10,,1,2,3,4,5,6,7,8,9,10,11,12,13,14,15,16,17,18,19,20,21,22,23,24,25,26,27,28,29,30,31,32,33,34,35
,★★★★,Charlotte,,3,,,,,,,,,,,,,,,,,,,,,,,,,,,,,,,,,,,,,,,,,,,,,,,,,,,,,,,,,1,2,3,4,5,6,7,8,9,10,11,12,13,14,15,16,17,18,19,20,21,22,,1,2,3,4,5,6,7,8,9,10,11,12,13,14,15,16,17,,1,2
,★★★★,Chevreuse,,5,,,,,,,,,,,,,,,,,,,,,,,,,,,,,,,,,,,,,,,,,,,,,,,,,,,,,,,,,,,,1,2,3,4,5,6,7,8,9,10,11,,1,2,3,4,5,,1,2,,1,2,3,4,5,6,7,8,9,10,11,12,,1,2,3,4,5,6
,★★★★,Gaming,,6,,,,,,,,,,,,,,,,,,,,,,,,,,,,,,,,,,,,,,,,,,,,,,,,,,,,,,,,,,,,,1,2,3,4,5,6,,1,2,3,4,5,6,7,8,9,C,1,2,,1,2,3,4,5,6,7,8,9,10,11,12,,1,2,3,4,5,6
,★★★★,Sethos,,5,,,,,,,,,,,,,,,,,,,,,,,,,,,,,,,,,,,,,,,,,,,,,,,,,,,,,,,,,,,,,,,,,,,1,2,3,4,5,6,,1,2,3,4,5,6,7,8,9,10,11,12,,1,C,1,2,3,4,5,,1,2,3,4,5
,★★★★,Kachina,,2,,,,,,,,,,,,,,,,,,,,,,,,,,,,,,,,,,,,,,,,,,,,,,,,,,,,,,,,,,,,,,,,,,,,,,,1,2,3,4,5,,1,2,3,4,5,6,7,8,9,10,11,12,13,14,15,16,17,18,19,20,21,22,23
,★★★★,Ororon,,3,,,,,,,,,,,,,,,,,,,,,,,,,,,,,,,,,,,,,,,,,,,,,,,,,,,,,,,,,,,,,,,,,,,,,,,,,,,1,2,3,4,5,6,7,,1,2,3,4,,1,2,3,4,5,6,7,8,9,10,11,12
,★★★★,Lan Yan,,2,,,,,,,,,,,,,,,,,,,,,,,,,,,,,,,,,,,,,,,,,,,,,,,,,,,,,,,,,,,,,,,,,,,,,,,,,,,,,,1,2,3,4,5,6,7,8,9,10,11,12,13,,1,2,3,4,5,6,7,8
,★★★★,Iansan,,3,,,,,,,,,,,,,,,,,,,,,,,,,,,,,,,,,,,,,,,,,,,,,,,,,,,,,,,,,,,,,,,,,,,,,,,,,,,,,,,,,1,2,3,4,,1,2,3,4,5,6,7,,1,2,3,4,5,6
,★★★★,Ifa,,3,,,,,,,,,,,,,,,,,,,,,,,,,,,,,,,,,,,,,,,,,,,,,,,,,,,,,,,,,,,,,,,,,,,,,,,,,,,,,,,,,,,1,2,3,4,,1,2,3,4,5,6,,1,2,3,4,5
,★★★★,Dhalia,,3,,,,,,,,,,,,,,,,,,,,,,,,,,,,,,,,,,,,,,,,,,,,,,,,,,,,,,,,,,,,,,,,,,,,,,,,,,,,,,,,,,,,,1,2,3,4,5,6,7,8,9,10,11,C,,1,2
,★★★★,Aino,,3,,,,,,,,,,,,,,,,,,,,,,,,,,,,,,,,,,,,,,,,,,,,,,,,,,,,,,,,,,,,,,,,,,,,,,,,,,,,,,,,,,,,,,,,,,1,2,3,4,5,,1,2,,1
,★★★★,Jahoda,,1,,,,,,,,,,,,,,,,,,,,,,,,,,,,,,,,,,,,,,,,,,,,,,,,,,,,,,,,,,,,,,,,,,,,,,,,,,,,,,,,,,,,,,,,,,,,,1,2,3,4,5,6,7
,★★★★,Illuga,,2,,,,,,,,,,,,,,,,,,,,,,,,,,,,,,,,,,,,,,,,,,,,,,,,,,,,,,,,,,,,,,,,,,,,,,,,,,,,,,,,,,,,,,,,,,,,,,,,1,2,,1
,★★★★,,,0,,,,,,,,,,,,,,,,,,,,,,,,,,,,,,,,,,,,,,,,,,,,,,,,,,,,,,,,,,,,,,,,,,,,,,,,,,,,,,,,,,,,,,,,,,,,,,,,,,,